date,equity,session_pnl
2026-07-02,10005.1879,0.000519
2026-07-06,10014.9825,0.000979
2026-07-07,10016.1782,0.000119
2026-07-08,10016.1782,0.000000
2026-07-09,10019.1970,0.000301
2026-07-10,9997.4522,-0.002170
2026-07-13,9997.4522,0.000000
2026-07-14,10001.5828,0.000413
2026-07-15,9968.5839,-0.003299
2026-07-16,9964.7290,-0.000387
2026-07-17,9962.7362,-0.000200
2026-07-20,9925.3399,-0.003754
2026-07-21,9935.2113,0.000995
2026-07-22,9945.6152,0.001047
2026-07-23,9945.6152,0.000000
2026-07-24,9952.5135,0.000694
2026-07-27,9913.1577,-0.003954
2026-07-28,9939.6443,0.002672
2026-07-29,9939.6443,0.000000
2026-07-30,9951.7314,0.001216
2026-07-31,9913.9266,-0.003799
2026-08-03,9947.6366,0.003400
2026-08-04,9988.8780,0.004146
2026-08-05,9977.4653,-0.001143
2026-08-06,9961.6689,-0.001583
2026-08-07,9956.7951,-0.000489
2026-08-10,9956.1801,-0.000062
2026-08-11,9944.2117,-0.001202
2026-08-12,9922.7999,-0.002153
2026-08-13,9934.1534,0.001144
2026-08-14,9931.2074,-0.000297
2026-08-17,9925.1879,-0.000606
2026-08-18,9923.0945,-0.000211
2026-08-19,9918.7735,-0.000435
2026-08-20,9913.8073,-0.000501
2026-08-21,9924.5889,0.001088
2026-08-24,9928.5798,0.000402
2026-08-25,9906.5868,-0.002215
2026-08-26,9895.2396,-0.001145
2026-08-27,9905.2495,0.001012
2026-08-28,9905.2212,-0.000003
2026-08-31,9899.5365,-0.000574
2026-09-01,9898.9099,-0.000063
2026-09-02,9917.6005,0.001888
2026-09-03,9943.8252,0.002644
2026-09-04,9943.8252,0.000000
2026-09-08,9933.4813,-0.001040
2026-09-09,9933.4813,0.000000
2026-09-10,9926.2479,-0.000728
2026-09-11,9923.9009,-0.000236
2026-09-14,9928.9771,0.000512
2026-09-15,9928.9771,0.000000
2026-09-16,9937.4322,0.000852
2026-09-17,9943.3219,0.000593
2026-09-18,9934.3878,-0.000899
2026-09-21,9960.8302,0.002662
2026-09-22,9950.8749,-0.000999
2026-09-23,9950.8749,0.000000
2026-09-24,9950.8749,0.000000
2026-09-25,9940.1269,-0.001080
