ts,date,target,price
1782999300,2026-07-02,0.5,7514.3701171875
1782999600,2026-07-02,0.5,7526.2099609375
1782999900,2026-07-02,0.5,7533.5498046875
1783001100,2026-07-02,0.5,7530.52978515625
1783001400,2026-07-02,0.5,7537.47021484375
1783002000,2026-07-02,0.0,7523.66015625
1783344600,2026-07-06,0.5,7519.7998046875
1783344900,2026-07-06,0.5,7510.31005859375
1783345500,2026-07-06,0.5,7516.10986328125
1783346100,2026-07-06,0.5,7510.97021484375
1783346700,2026-07-06,0.5,7515.5498046875
1783347000,2026-07-06,0.5,7521.759765625
1783347900,2026-07-06,0.5,7526.31005859375
1783349700,2026-07-06,0.5,7529.3798828125
1783351500,2026-07-06,0.5,7535.18994140625
1783353300,2026-07-06,0.0,7536.02978515625
1783439400,2026-07-07,0.5,7497.14990234375
1783439700,2026-07-07,0.0,7500.43994140625
1783603800,2026-07-09,0.5,7500.35009765625
1783604100,2026-07-09,0.5,7507.759765625
1783605000,2026-07-09,0.5,7516.27001953125
1783605900,2026-07-09,0.5,7507.2998046875
1783606200,2026-07-09,0.5,7502.85009765625
1783606500,2026-07-09,0.0,7488.35986328125
1783607100,2026-07-09,0.5,7506.33984375
1783607400,2026-07-09,0.5,7502.56005859375
1783607700,2026-07-09,0.5,7510.81005859375
1783608000,2026-07-09,0.5,7505.77978515625
1783608900,2026-07-09,0.5,7513.7099609375
1783609500,2026-07-09,0.5,7521.9501953125
1783610400,2026-07-09,0.5,7526.0400390625
1783611000,2026-07-09,0.5,7522.919921875
1783611600,2026-07-09,0.5,7527.919921875
1783612500,2026-07-09,0.0,7525.8798828125
1783690200,2026-07-10,0.5,7553.2998046875
1783690800,2026-07-10,0.5,7548.080078125
1783691100,2026-07-10,0.5,7556.8701171875
1783692600,2026-07-10,0.5,7553.47998046875
1783693800,2026-07-10,0.0,7534.66015625
1783694700,2026-07-10,0.5,7549.77001953125
1783695000,2026-07-10,0.0,7545.18994140625
1783696500,2026-07-10,0.5,7553.259765625
1783697100,2026-07-10,0.5,7558.72998046875
1783697700,2026-07-10,0.5,7550.2001953125
1783698000,2026-07-10,0.0,7546.5498046875
1783698300,2026-07-10,0.5,7551.1201171875
1783698900,2026-07-10,0.0,7554.27978515625
1784035800,2026-07-14,0.5,7522.66015625
1784036100,2026-07-14,0.5,7538.68994140625
1784037600,2026-07-14,0.5,7531.2099609375
1784038500,2026-07-14,0.0,7524.66015625
1784038800,2026-07-14,0.5,7527.5498046875
1784039100,2026-07-14,0.5,7533.85986328125
1784039400,2026-07-14,0.5,7547.06005859375
1784040000,2026-07-14,0.5,7538.0498046875
1784040300,2026-07-14,0.5,7534.490234375
1784040600,2026-07-14,0.5,7542.10009765625
1784041200,2026-07-14,0.5,7550.52978515625
1784041500,2026-07-14,0.5,7555.02001953125
1784042100,2026-07-14,0.5,7546.009765625
1784042400,2026-07-14,0.5,7551.31005859375
1784043000,2026-07-14,0.5,7546.6298828125
1784043600,2026-07-14,0.0,7542.3701171875
1784043900,2026-07-14,0.5,7542.8798828125
1784044200,2026-07-14,0.0,7536.77001953125
1784122200,2026-07-15,0.5,7579.169921875
1784122500,2026-07-15,0.5,7574.27001953125
1784122800,2026-07-15,0.5,7570.2900390625
1784123100,2026-07-15,0.5,7561.2900390625
1784123400,2026-07-15,0.5,7567.06005859375
1784123700,2026-07-15,0.5,7570.08984375
1784124000,2026-07-15,0.5,7573.97021484375
1784124300,2026-07-15,0.5,7577.02978515625
1784124600,2026-07-15,0.5,7572.990234375
1784124900,2026-07-15,0.5,7578.91015625
1784125200,2026-07-15,0.0,7562.35986328125
1784125500,2026-07-15,0.5,7571.85009765625
1784126100,2026-07-15,0.0,7561.9501953125
1784127900,2026-07-15,0.5,7566.58984375
1784128200,2026-07-15,0.0,7556.89013671875
1784129100,2026-07-15,0.5,7561.990234375
1784129400,2026-07-15,0.0,7561.18017578125
1784129700,2026-07-15,0.5,7561.9501953125
1784130000,2026-07-15,0.0,7556.7001953125
1784210700,2026-07-16,0.5,7560.330078125
1784211300,2026-07-16,0.5,7564.66015625
1784211900,2026-07-16,0.5,7570.02001953125
1784212500,2026-07-16,0.5,7564.7099609375
1784212800,2026-07-16,0.5,7569.43994140625
1784213400,2026-07-16,0.5,7561.60986328125
1784213700,2026-07-16,0.5,7566.93994140625
1784214000,2026-07-16,0.5,7562.14990234375
1784214300,2026-07-16,0.0,7560.68017578125
1784214900,2026-07-16,0.5,7561.68994140625
1784215800,2026-07-16,0.5,7567.77001953125
1784216400,2026-07-16,0.0,7562.52978515625
1784217000,2026-07-16,0.5,7564.02001953125
1784217300,2026-07-16,0.0,7561.509765625
1784297700,2026-07-17,0.5,7491.52001953125
1784298300,2026-07-17,0.0,7488.85009765625
1784298900,2026-07-17,0.5,7492.419921875
1784299200,2026-07-17,0.0,7484.18994140625
1784302500,2026-07-17,0.5,7482.169921875
1784302800,2026-07-17,0.5,7479.83984375
1784303400,2026-07-17,0.5,7486.2900390625
1784303700,2026-07-17,0.0,7494.56005859375
1784554200,2026-07-20,0.5,7505.60009765625
1784554800,2026-07-20,0.5,7512.14013671875
1784555100,2026-07-20,0.5,7502.2099609375
1784555400,2026-07-20,0.5,7490.85009765625
1784555700,2026-07-20,0.5,7483.41015625
1784556300,2026-07-20,0.5,7479.7998046875
1784556600,2026-07-20,0.0,7475.08984375
1784557500,2026-07-20,0.5,7482.85986328125
1784557800,2026-07-20,0.0,7478.240234375
1784558100,2026-07-20,0.5,7478.7998046875
1784558400,2026-07-20,0.0,7474.83984375
1784559900,2026-07-20,0.5,7479.27001953125
1784560200,2026-07-20,0.0,7473.47998046875
1784560500,2026-07-20,0.5,7478.2099609375
1784560800,2026-07-20,0.5,7482.669921875
1784562300,2026-07-20,0.0,7478.259765625
1784562600,2026-07-20,0.5,7488.06982421875
1784562900,2026-07-20,0.0,7485.56005859375
1784640600,2026-07-21,0.5,7483.14013671875
1784640900,2026-07-21,0.5,7480.259765625
1784641200,2026-07-21,0.5,7470.75
1784641500,2026-07-21,0.5,7474.89990234375
1784642100,2026-07-21,0.5,7478.6298828125
1784643000,2026-07-21,0.5,7482.14990234375
1784643300,2026-07-21,0.5,7485.31005859375
1784643900,2026-07-21,0.5,7493.7998046875
1784644500,2026-07-21,0.5,7488.10986328125
1784644800,2026-07-21,0.5,7491.169921875
1784646000,2026-07-21,0.5,7485.22021484375
1784646300,2026-07-21,0.5,7495.58984375
1784646900,2026-07-21,0.5,7499.81982421875
1784647500,2026-07-21,0.5,7504.72021484375
1784648100,2026-07-21,0.5,7500.97021484375
1784649300,2026-07-21,0.0,7499.52001953125
1784728200,2026-07-22,0.5,7506.9599609375
1784728500,2026-07-22,0.5,7513.240234375
1784729100,2026-07-22,0.5,7510.1298828125
1784729400,2026-07-22,0.0,7507.7900390625
1784732100,2026-07-22,0.5,7505.10009765625
1784732700,2026-07-22,0.5,7511.7998046875
1784733000,2026-07-22,0.5,7514.830078125
1784733600,2026-07-22,0.5,7518.39013671875
1784734500,2026-07-22,0.5,7514.33984375
1784735100,2026-07-22,0.5,7519.06005859375
1784735700,2026-07-22,0.0,7523.0
1784899800,2026-07-24,0.5,7418.1298828125
1784900100,2026-07-24,0.5,7414.6298828125
1784900700,2026-07-24,0.5,7421.85986328125
1784901000,2026-07-24,0.0,7401.27978515625
1784901900,2026-07-24,0.5,7417.4599609375
1784902500,2026-07-24,0.5,7408.419921875
1784902800,2026-07-24,0.5,7418.43994140625
1784903400,2026-07-24,0.5,7407.5
1784903700,2026-07-24,0.0,7403.60986328125
1784904300,2026-07-24,0.5,7408.16015625
1784904600,2026-07-24,0.5,7413.169921875
1784904900,2026-07-24,0.5,7429.68994140625
1784905200,2026-07-24,0.5,7425.39990234375
1784905500,2026-07-24,0.5,7420.4501953125
1784905800,2026-07-24,0.5,7442.81005859375
1784906100,2026-07-24,0.5,7438.22021484375
1784906400,2026-07-24,0.5,7447.43994140625
1784907300,2026-07-24,0.5,7454.66015625
1784907600,2026-07-24,0.5,7446.6298828125
1784908500,2026-07-24,0.0,7453.64990234375
1785159000,2026-07-27,0.5,7471.27978515625
1785159600,2026-07-27,0.5,7459.06982421875
1785159900,2026-07-27,0.5,7463.6298828125
1785160200,2026-07-27,0.5,7459.5
1785160500,2026-07-27,0.5,7441.2001953125
1785161400,2026-07-27,0.0,7433.5
1785161700,2026-07-27,0.5,7434.35009765625
1785162000,2026-07-27,0.0,7421.509765625
1785164100,2026-07-27,0.5,7420.43994140625
1785164700,2026-07-27,0.0,7416.509765625
1785248700,2026-07-28,0.5,7399.91015625
1785249000,2026-07-28,0.0,7395.35986328125
1785249300,2026-07-28,0.5,7398.93994140625
1785249600,2026-07-28,0.5,7405.97021484375
1785249900,2026-07-28,0.5,7416.0400390625
1785250500,2026-07-28,0.5,7409.9501953125
1785250800,2026-07-28,0.5,7404.7998046875
1785251100,2026-07-28,0.5,7409.06982421875
1785251400,2026-07-28,0.5,7416.93994140625
1785251700,2026-07-28,0.5,7428.580078125
1785252000,2026-07-28,0.5,7436.91015625
1785252900,2026-07-28,0.5,7440.6298828125
1785253200,2026-07-28,0.5,7444.43994140625
1785254100,2026-07-28,0.0,7446.06982421875
1785418200,2026-07-30,0.5,7380.33984375
1785418500,2026-07-30,0.5,7377.6201171875
1785418800,2026-07-30,0.5,7390.08984375
1785419100,2026-07-30,0.5,7398.669921875
1785419400,2026-07-30,0.5,7404.25
1785419700,2026-07-30,0.5,7410.97998046875
1785420300,2026-07-30,0.5,7402.2998046875
1785421500,2026-07-30,0.5,7410.8798828125
1785422400,2026-07-30,0.5,7403.14013671875
1785422700,2026-07-30,0.0,7396.52978515625
1785426000,2026-07-30,0.5,7391.02978515625
1785426300,2026-07-30,0.5,7395.18994140625
1785426900,2026-07-30,0.0,7395.740234375
1785504600,2026-07-31,0.5,7487.7099609375
1785504900,2026-07-31,0.5,7467.10009765625
1785505200,2026-07-31,0.5,7454.740234375
1785505500,2026-07-31,0.5,7448.2900390625
1785505800,2026-07-31,0.0,7442.990234375
1785508500,2026-07-31,0.5,7435.72021484375
1785509100,2026-07-31,0.5,7447.8701171875
1785510300,2026-07-31,0.5,7441.85986328125
1785510600,2026-07-31,0.5,7445.39013671875
1785511200,2026-07-31,0.0,7433.97021484375
1785512100,2026-07-31,0.5,7443.740234375
1785512400,2026-07-31,0.5,7440.64013671875
1785512700,2026-07-31,0.0,7436.7998046875
1785513000,2026-07-31,0.5,7451.52001953125
1785513300,2026-07-31,0.0,7454.06982421875
1785763800,2026-08-03,0.5,7531.58984375
1785764100,2026-08-03,0.5,7543.39013671875
1785765000,2026-08-03,0.5,7551.919921875
1785765300,2026-08-03,0.5,7561.14013671875
1785766500,2026-08-03,0.5,7566.56005859375
1785766800,2026-08-03,0.5,7570.7099609375
1785768900,2026-08-03,0.5,7578.7001953125
1785769500,2026-08-03,0.5,7573.990234375
1785770100,2026-08-03,0.5,7578.25
1785771900,2026-08-03,0.5,7584.7001953125
1785772500,2026-08-03,0.0,7584.39990234375
1785850200,2026-08-04,0.5,7643.81982421875
1785851100,2026-08-04,0.5,7649.52001953125
1785851400,2026-08-04,0.5,7658.2001953125
1785852000,2026-08-04,0.5,7664.009765625
1785852300,2026-08-04,0.5,7668.68017578125
1785852600,2026-08-04,0.5,7672.72021484375
1785852900,2026-08-04,0.5,7677.009765625
1785853200,2026-08-04,0.5,7667.97998046875
1785853800,2026-08-04,0.5,7674.14990234375
1785854400,2026-08-04,0.5,7682.2900390625
1785855300,2026-08-04,0.5,7687.91015625
1785855600,2026-08-04,0.5,7692.990234375
1785856500,2026-08-04,0.5,7697.43994140625
1785856800,2026-08-04,0.5,7701.9599609375
1785857100,2026-08-04,0.5,7698.35986328125
1785857700,2026-08-04,0.5,7701.56005859375
1785858000,2026-08-04,0.5,7706.60009765625
1785858300,2026-08-04,0.5,7710.830078125
1785858600,2026-08-04,0.5,7707.509765625
1785858900,2026-08-04,0.0,7708.85986328125
1785936600,2026-08-05,0.5,7786.68017578125
1785937500,2026-08-05,0.5,7779.2900390625
1785938100,2026-08-05,0.5,7791.1298828125
1785938400,2026-08-05,0.5,7781.3701171875
1785938700,2026-08-05,0.5,7784.85009765625
1785939600,2026-08-05,0.5,7781.259765625
1785939900,2026-08-05,0.5,7772.0
1785940200,2026-08-05,0.0,7770.43994140625
1786023900,2026-08-06,0.5,7737.68017578125
1786024200,2026-08-06,0.0,7732.6201171875
1786024800,2026-08-06,0.5,7735.18994140625
1786025400,2026-08-06,0.5,7739.5
1786026000,2026-08-06,0.5,7736.10986328125
1786026300,2026-08-06,0.0,7727.41015625
1786028100,2026-08-06,0.5,7733.52001953125
1786028400,2026-08-06,0.0,7726.490234375
1786109400,2026-08-07,0.5,7739.52001953125
1786109700,2026-08-07,0.5,7736.27978515625
1786110000,2026-08-07,0.5,7744.97998046875
1786110300,2026-08-07,0.5,7740.85009765625
1786110900,2026-08-07,0.5,7734.009765625
1786111200,2026-08-07,0.5,7728.2001953125
1786111800,2026-08-07,0.0,7721.7099609375
1786112100,2026-08-07,0.5,7741.5498046875
1786112700,2026-08-07,0.5,7754.5400390625
1786113000,2026-08-07,0.5,7749.16015625
1786113300,2026-08-07,0.5,7742.3798828125
1786113900,2026-08-07,0.5,7747.77001953125
1786114500,2026-08-07,0.5,7751.990234375
1786116000,2026-08-07,0.5,7759.10986328125
1786117200,2026-08-07,0.5,7755.72021484375
1786117500,2026-08-07,0.5,7759.81005859375
1786118100,2026-08-07,0.0,7754.89990234375
1786368900,2026-08-10,0.5,7751.080078125
1786369500,2026-08-10,0.5,7755.56982421875
1786370400,2026-08-10,0.5,7761.0498046875
1786371000,2026-08-10,0.5,7765.740234375
1786372800,2026-08-10,0.5,7769.68994140625
1786373400,2026-08-10,0.5,7761.89013671875
1786373700,2026-08-10,0.0,7758.66015625
1786374600,2026-08-10,0.5,7761.35009765625
1786375500,2026-08-10,0.0,7760.43017578125
1786376400,2026-08-10,0.5,7761.35986328125
1786376700,2026-08-10,0.0,7759.2099609375
1786377000,2026-08-10,0.5,7765.93994140625
1786377300,2026-08-10,0.0,7766.669921875
1786455000,2026-08-11,0.5,7759.240234375
1786455300,2026-08-11,0.5,7754.419921875
1786455900,2026-08-11,0.0,7752.14990234375
1786456500,2026-08-11,0.5,7759.56005859375
1786458000,2026-08-11,0.5,7756.740234375
1786458300,2026-08-11,0.5,7762.18017578125
1786458900,2026-08-11,0.0,7756.75
1786459500,2026-08-11,0.5,7761.9501953125
1786460100,2026-08-11,0.5,7759.330078125
1786460400,2026-08-11,0.0,7757.83984375
1786541400,2026-08-12,0.5,7753.77001953125
1786542300,2026-08-12,0.5,7758.669921875
1786542600,2026-08-12,0.5,7749.35986328125
1786543200,2026-08-12,0.5,7742.5400390625
1786543500,2026-08-12,0.5,7745.919921875
1786544400,2026-08-12,0.5,7752.66015625
1786545000,2026-08-12,0.0,7743.169921875
1786545300,2026-08-12,0.5,7749.169921875
1786546200,2026-08-12,0.0,7743.330078125
1786546500,2026-08-12,0.5,7744.93017578125
1786546800,2026-08-12,0.0,7741.18017578125
1786548300,2026-08-12,0.5,7745.66015625
1786548600,2026-08-12,0.0,7741.5498046875
1786549500,2026-08-12,0.5,7743.85009765625
1786549800,2026-08-12,0.0,7742.490234375
1786627800,2026-08-13,0.5,7776.43994140625
1786628100,2026-08-13,0.5,7786.89013671875
1786628400,2026-08-13,0.5,7779.919921875
1786628700,2026-08-13,0.5,7793.10009765625
1786629300,2026-08-13,0.5,7799.7099609375
1786629600,2026-08-13,0.5,7805.3798828125
1786630200,2026-08-13,0.5,7808.60986328125
1786630800,2026-08-13,0.5,7813.14990234375
1786632000,2026-08-13,0.5,7808.919921875
1786632300,2026-08-13,0.5,7799.58984375
1786633500,2026-08-13,0.0,7795.7900390625
1786714200,2026-08-14,0.5,7803.2099609375
1786715400,2026-08-14,0.5,7807.259765625
1786716900,2026-08-14,0.0,7800.14013671875
1786978800,2026-08-17,0.5,7775.68994140625
1786979100,2026-08-17,0.0,7774.16015625
1786979700,2026-08-17,0.5,7777.93017578125
1786980600,2026-08-17,0.0,7773.14013671875
1787068200,2026-08-18,0.5,7705.3701171875
1787068500,2026-08-18,0.0,7703.66015625
1787146200,2026-08-19,0.5,7720.10986328125
1787146500,2026-08-19,0.5,7715.14990234375
1787146800,2026-08-19,0.5,7720.47021484375
1787147100,2026-08-19,0.5,7704.080078125
1787147400,2026-08-19,0.5,7715.85009765625
1787147700,2026-08-19,0.5,7719.77978515625
1787148000,2026-08-19,0.5,7716.0498046875
1787148600,2026-08-19,0.0,7707.91015625
1787148900,2026-08-19,0.5,7716.81005859375
1787149800,2026-08-19,0.5,7720.85009765625
1787150100,2026-08-19,0.5,7730.330078125
1787150700,2026-08-19,0.5,7726.72021484375
1787151000,2026-08-19,0.5,7733.7900390625
1787151300,2026-08-19,0.5,7741.5
1787151900,2026-08-19,0.5,7735.2001953125
1787152800,2026-08-19,0.5,7731.89990234375
1787153400,2026-08-19,0.5,7727.5498046875
1787153700,2026-08-19,0.0,7725.35986328125
1787237700,2026-08-20,0.5,7691.0400390625
1787238000,2026-08-20,0.5,7697.85986328125
1787238300,2026-08-20,0.0,7684.8701171875
1787319000,2026-08-21,0.5,7668.0400390625
1787320200,2026-08-21,0.5,7662.93994140625
1787320800,2026-08-21,0.5,7668.009765625
1787321100,2026-08-21,0.5,7671.5
1787321400,2026-08-21,0.5,7665.64013671875
1787322900,2026-08-21,0.0,7661.89013671875
1787323200,2026-08-21,0.5,7664.7998046875
1787324100,2026-08-21,0.5,7676.68994140625
1787324400,2026-08-21,0.5,7680.85986328125
1787324700,2026-08-21,0.5,7676.2998046875
1787326200,2026-08-21,0.5,7683.669921875
1787326500,2026-08-21,0.5,7689.009765625
1787327400,2026-08-21,0.5,7695.64990234375
1787327700,2026-08-21,0.0,7690.7099609375
1787585100,2026-08-24,0.5,7655.3798828125
1787586000,2026-08-24,0.5,7661.06982421875
1787586900,2026-08-24,0.0,7663.06982421875
1787664600,2026-08-25,0.5,7686.02978515625
1787664900,2026-08-25,0.5,7681.14990234375
1787666100,2026-08-25,0.5,7676.47021484375
1787666400,2026-08-25,0.5,7672.66015625
1787667900,2026-08-25,0.0,7664.9599609375
1787668500,2026-08-25,0.5,7668.27978515625
1787668800,2026-08-25,0.0,7661.93017578125
1787670900,2026-08-25,0.5,7667.3798828125
1787671500,2026-08-25,0.5,7671.75
1787672700,2026-08-25,0.0,7664.56005859375
1787673000,2026-08-25,0.5,7670.52978515625
1787673300,2026-08-25,0.0,7672.8701171875
1787751000,2026-08-26,0.5,7675.080078125
1787751600,2026-08-26,0.5,7681.990234375
1787751900,2026-08-26,0.5,7678.2001953125
1787752200,2026-08-26,0.5,7684.64990234375
1787753400,2026-08-26,0.5,7679.81982421875
1787753700,2026-08-26,0.0,7677.97021484375
1787756100,2026-08-26,0.5,7676.740234375
1787756700,2026-08-26,0.5,7681.72998046875
1787757300,2026-08-26,0.0,7675.1298828125
1787757900,2026-08-26,0.5,7676.60986328125
1787758200,2026-08-26,0.0,7670.3701171875
1787758800,2026-08-26,0.5,7678.4599609375
1787759400,2026-08-26,0.0,7671.9599609375
1787837400,2026-08-27,0.5,7693.009765625
1787837700,2026-08-27,0.5,7700.35009765625
1787838000,2026-08-27,0.5,7710.56982421875
1787838300,2026-08-27,0.5,7697.9501953125
1787838600,2026-08-27,0.5,7710.33984375
1787838900,2026-08-27,0.5,7702.4599609375
1787839200,2026-08-27,0.5,7706.490234375
1787839500,2026-08-27,0.5,7702.60009765625
1787840100,2026-08-27,0.5,7709.52978515625
1787840700,2026-08-27,0.5,7714.14990234375
1787841900,2026-08-27,0.5,7720.6201171875
1787842800,2026-08-27,0.5,7724.08984375
1787843700,2026-08-27,0.5,7727.240234375
1787844300,2026-08-27,0.5,7720.4501953125
1787845200,2026-08-27,0.0,7714.3798828125
1787845800,2026-08-27,0.5,7726.64990234375
1787846100,2026-08-27,0.0,7723.91015625
1787923800,2026-08-28,0.5,7738.97998046875
1787924400,2026-08-28,0.5,7744.419921875
1787924700,2026-08-28,0.5,7740.0400390625
1787925000,2026-08-28,0.5,7736.47021484375
1787925900,2026-08-28,0.0,7729.18994140625
1787926500,2026-08-28,0.5,7732.75
1787927100,2026-08-28,0.5,7730.3701171875
1787927400,2026-08-28,0.5,7738.080078125
1787927700,2026-08-28,0.5,7741.75
1787928000,2026-08-28,0.5,7752.72998046875
1787928300,2026-08-28,0.5,7756.06005859375
1787928600,2026-08-28,0.5,7763.7001953125
1787928900,2026-08-28,0.5,7767.85009765625
1787929500,2026-08-28,0.5,7760.240234375
1787930400,2026-08-28,0.5,7766.22021484375
1787931000,2026-08-28,0.5,7762.990234375
1787931300,2026-08-28,0.5,7754.56005859375
1787931600,2026-08-28,0.0,7745.580078125
1788191400,2026-08-31,0.5,7678.77978515625
1788191700,2026-08-31,0.0,7671.5
1788273000,2026-09-01,0.5,7660.97021484375
1788273600,2026-09-01,0.5,7657.3798828125
1788273900,2026-09-01,0.0,7655.9599609375
1788276300,2026-09-01,0.5,7652.75
1788276900,2026-09-01,0.5,7657.43994140625
1788277500,2026-09-01,0.5,7662.83984375
1788278100,2026-09-01,0.0,7659.85009765625
1788355800,2026-09-02,0.5,7641.18994140625
1788356700,2026-09-02,0.5,7637.56005859375
1788357300,2026-09-02,0.5,7646.91015625
1788357600,2026-09-02,0.5,7653.66015625
1788358200,2026-09-02,0.5,7660.56982421875
1788358500,2026-09-02,0.5,7666.16015625
1788359100,2026-09-02,0.5,7669.85986328125
1788359700,2026-09-02,0.5,7675.47021484375
1788360000,2026-09-02,0.5,7680.3701171875
1788360300,2026-09-02,0.5,7675.0
1788360600,2026-09-02,0.5,7670.97021484375
1788362100,2026-09-02,0.5,7676.97021484375
1788362700,2026-09-02,0.5,7680.1201171875
1788363300,2026-09-02,0.5,7675.509765625
1788363900,2026-09-02,0.0,7667.27001953125
1788364200,2026-09-02,0.5,7669.7001953125
1788364500,2026-09-02,0.0,7675.56005859375
1788442200,2026-09-03,0.5,7707.1201171875
1788442500,2026-09-03,0.5,7715.18994140625
1788443700,2026-09-03,0.5,7711.25
1788444000,2026-09-03,0.5,7697.72021484375
1788444300,2026-09-03,0.5,7694.56982421875
1788444600,2026-09-03,0.5,7700.06982421875
1788444900,2026-09-03,0.5,7704.7099609375
1788445800,2026-09-03,0.5,7694.83984375
1788446700,2026-09-03,0.5,7703.830078125
1788447300,2026-09-03,0.5,7709.0400390625
1788447600,2026-09-03,0.5,7720.2099609375
1788447900,2026-09-03,0.5,7723.47021484375
1788448200,2026-09-03,0.5,7730.8798828125
1788448500,2026-09-03,0.5,7735.85009765625
1788449100,2026-09-03,0.5,7745.68994140625
1788449700,2026-09-03,0.5,7741.77978515625
1788450300,2026-09-03,0.5,7745.77978515625
1788450900,2026-09-03,0.0,7749.4599609375
1788879600,2026-09-08,0.5,7692.509765625
1788879900,2026-09-08,0.0,7691.41015625
1788880200,2026-09-08,0.5,7696.740234375
1788881100,2026-09-08,0.5,7693.8701171875
1788881700,2026-09-08,0.0,7690.3798828125
1788882000,2026-09-08,0.5,7695.0400390625
1788882300,2026-09-08,0.0,7691.10009765625
1789052100,2026-09-10,0.5,7607.35986328125
1789052400,2026-09-10,0.0,7601.39013671875
1789053600,2026-09-10,0.5,7606.39990234375
1789055100,2026-09-10,0.0,7604.330078125
1789133400,2026-09-11,0.5,7672.47021484375
1789133700,2026-09-11,0.5,7667.72021484375
1789134300,2026-09-11,0.5,7663.06005859375
1789134900,2026-09-11,0.5,7676.27001953125
1789135200,2026-09-11,0.5,7668.1201171875
1789135800,2026-09-11,0.5,7662.419921875
1789136100,2026-09-11,0.5,7670.43017578125
1789137000,2026-09-11,0.5,7660.97021484375
1789137300,2026-09-11,0.5,7656.740234375
1789137900,2026-09-11,0.5,7660.7001953125
1789138200,2026-09-11,0.5,7654.77978515625
1789138800,2026-09-11,0.5,7659.60009765625
1789139100,2026-09-11,0.5,7662.89990234375
1789139700,2026-09-11,0.5,7667.2099609375
1789140000,2026-09-11,0.5,7672.18994140625
1789141800,2026-09-11,0.5,7668.509765625
1789142100,2026-09-11,0.0,7670.35986328125
1789399800,2026-09-14,0.5,7621.080078125
1789400400,2026-09-14,0.5,7633.89013671875
1789400700,2026-09-14,0.5,7628.8701171875
1789401300,2026-09-14,0.0,7630.39990234375
1789565400,2026-09-16,0.5,7603.81005859375
1789565700,2026-09-16,0.5,7598.41015625
1789566300,2026-09-16,0.5,7609.7001953125
1789566600,2026-09-16,0.5,7613.39013671875
1789567200,2026-09-16,0.5,7608.740234375
1789568100,2026-09-16,0.5,7604.66015625
1789568400,2026-09-16,0.5,7601.10009765625
1789569300,2026-09-16,0.5,7604.5498046875
1789569600,2026-09-16,0.5,7609.77978515625
1789570500,2026-09-16,0.5,7612.93017578125
1789570800,2026-09-16,0.5,7616.169921875
1789571100,2026-09-16,0.5,7620.35986328125
1789571700,2026-09-16,0.5,7617.14013671875
1789572600,2026-09-16,0.5,7612.89013671875
1789573200,2026-09-16,0.5,7616.77001953125
1789573500,2026-09-16,0.5,7621.740234375
1789574100,2026-09-16,0.0,7618.27978515625
1789651800,2026-09-17,0.5,7625.669921875
1789652400,2026-09-17,0.5,7621.68994140625
1789652700,2026-09-17,0.5,7625.7900390625
1789653000,2026-09-17,0.5,7622.31982421875
1789653600,2026-09-17,0.5,7617.72021484375
1789653900,2026-09-17,0.5,7613.14013671875
1789654200,2026-09-17,0.5,7622.0498046875
1789654500,2026-09-17,0.5,7625.27978515625
1789654800,2026-09-17,0.5,7630.7001953125
1789656300,2026-09-17,0.5,7624.2001953125
1789656600,2026-09-17,0.5,7617.89990234375
1789657800,2026-09-17,0.5,7622.8798828125
1789658100,2026-09-17,0.5,7626.47021484375
1789659300,2026-09-17,0.5,7631.56005859375
1789660200,2026-09-17,0.5,7635.60009765625
1789660500,2026-09-17,0.0,7636.22998046875
1789738200,2026-09-18,0.5,7643.16015625
1789738500,2026-09-18,0.5,7640.81982421875
1789739100,2026-09-18,0.0,7635.60009765625
1789743000,2026-09-18,0.5,7628.64990234375
1789743600,2026-09-18,0.0,7627.52001953125
1789744500,2026-09-18,0.5,7628.3798828125
1789745400,2026-09-18,0.0,7627.919921875
1789997400,2026-09-21,0.5,7695.06982421875
1789998300,2026-09-21,0.5,7700.22998046875
1789998600,2026-09-21,0.5,7705.919921875
1790000100,2026-09-21,0.5,7714.6201171875
1790000400,2026-09-21,0.5,7720.60009765625
1790002800,2026-09-21,0.5,7724.9501953125
1790003400,2026-09-21,0.5,7728.080078125
1790003700,2026-09-21,0.5,7731.830078125
1790004900,2026-09-21,0.5,7735.60986328125
1790005500,2026-09-21,0.5,7739.7998046875
1790006100,2026-09-21,0.0,7737.6298828125
1790083800,2026-09-22,0.5,7779.14013671875
1790084700,2026-09-22,0.5,7773.72998046875
1790085000,2026-09-22,0.0,7771.18017578125
1790086200,2026-09-22,0.5,7774.0498046875
1790086500,2026-09-22,0.0,7769.56982421875
1790343000,2026-09-25,0.5,7726.509765625
1790344200,2026-09-25,0.5,7731.58984375
1790344500,2026-09-25,0.5,7727.47021484375
1790344800,2026-09-25,0.0,7706.25
1790346900,2026-09-25,0.5,7712.740234375
1790347200,2026-09-25,0.0,7708.97998046875
1790347500,2026-09-25,0.5,7713.240234375
1790348100,2026-09-25,0.5,7717.72998046875
1790348400,2026-09-25,0.5,7724.2900390625
1790349000,2026-09-25,0.5,7719.52001953125
1790349300,2026-09-25,0.5,7715.47998046875
1790350200,2026-09-25,0.5,7720.83984375
1790350500,2026-09-25,0.0,7712.83984375
1790351400,2026-09-25,0.5,7714.5
1790351700,2026-09-25,0.0,7728.39990234375
